,ticker,time,orderType,investorType,volume,averagePrice,orderCount,prevPriceChange
0,FPT,14:29:55,Buy Up,SHEEP,200,129950.0,2,250.0
1,FPT,14:29:46,Sell Down,SHEEP,1500,129700.0,3,-100.0
2,FPT,14:29:46,Buy Up,SHEEP,800,129800.0,2,0.0
3,FPT,14:29:45,Sell Down,WOLF,2000,129800.0,2,-100.0
4,FPT,14:29:45,Buy Up,SHEEP,200,129900.0,2,-100.0
5,FPT,14:29:34,Sell Down,SHEEP,1400,130000.0,1,-100.0
6,FPT,14:29:34,Buy Up,SHEEP,100,130100.0,1,100.0
7,FPT,14:29:30,Buy Up,SHEEP,200,130000.0,1,0.0
8,FPT,14:29:27,Sell Down,WOLF,2100,130000.0,5,-100.0
9,FPT,14:29:21,Buy Up,SHEEP,200,130100.0,1,100.0
10,FPT,14:29:20,Sell Down,SHEEP,200,130000.0,1,0.0
11,FPT,14:29:18,Sell Down,SHEEP,500,130000.0,1,0.0
12,FPT,14:29:10,Sell Down,WOLF,2000,130000.0,1,-100.0
13,FPT,14:29:09,Buy Up,SHEEP,300,130100.0,1,100.0
14,FPT,14:29:00,Sell Down,SHEEP,200,130000.0,1,0.0
15,FPT,14:28:59,Sell Down,SHEEP,500,130000.0,1,0.0
16,FPT,14:28:50,Sell Down,SHEEP,100,130000.0,1,0.0
17,FPT,14:28:36,Buy Up,SHEEP,100,130000.0,1,0.0
18,FPT,14:28:18,Buy Up,WOLF,2000,130000.0,3,0.0
19,FPT,14:28:12,Sell Down,SHEEP,200,130000.0,1,0.0
20,FPT,14:28:11,Buy Up,SHEEP,200,130000.0,1,0.0
21,FPT,14:28:08,Buy Up,SHEEP,700,130000.0,1,-100.0
22,FPT,14:28:01,Buy Up,WOLF,4600,130100.0,5,0.0
23,FPT,14:27:53,Buy Up,SHEEP,400,130100.0,3,100.0
24,FPT,14:27:53,Sell Down,SHEEP,300,130000.0,2,0.0
25,FPT,14:27:47,Sell Down,WOLF,2800,130000.0,3,0.0
26,FPT,14:27:30,Sell Down,SHEEP,1400,130000.0,2,0.0
27,FPT,14:27:27,Sell Down,SHEEP,1500,130000.0,1,0.0
28,FPT,14:27:26,Sell Down,SHEEP,100,130000.0,1,0.0
29,FPT,14:27:23,Sell Down,SHEEP,600,130000.0,1,0.0
30,FPT,14:27:16,Sell Down,SHEEP,100,130000.0,1,0.0
31,FPT,14:27:13,Sell Down,SHEEP,100,130000.0,1,0.0
32,FPT,14:27:12,Buy Up,WOLF,7300,130000.0,9,400.0
33,FPT,14:27:08,Sell Down,SHEEP,1000,129600.0,1,0.0
34,FPT,14:27:07,Sell Down,SHEEP,500,129600.0,3,-400.0
35,FPT,14:27:03,Buy Up,WOLF,3000,130000.0,6,160.0
36,FPT,14:27:02,Buy Up,WOLF,5000,129840.0,7,240.0
37,FPT,14:27:02,Sell Down,SHEEP,500,129600.0,1,-100.0
38,FPT,14:27:02,Buy Up,SHEEP,500,129700.0,1,0.0
39,FPT,14:27:02,Sell Down,SHEEP,1500,129700.0,2,100.0
40,FPT,14:26:35,Sell Down,SHEEP,400,129600.0,1,0.0
41,FPT,14:26:29,Buy Up,WOLF,2000,129600.0,1,200.0
42,FPT,14:26:16,Sell Down,SHEEP,100,129400.0,1,-160.0
43,FPT,14:26:16,Buy Up,WOLF,5000,129560.0,3,60.0
44,FPT,14:26:13,Buy Up,SHEEP,100,129500.0,1,100.0
45,FPT,14:26:13,Sell Down,SHEEP,100,129400.0,1,-100.0
46,FPT,14:26:10,Buy Up,WOLF,5000,129500.0,3,0.0
47,FPT,14:26:06,Buy Up,WOLF,2000,129500.0,2,160.0
48,FPT,14:25:59,Sell Down,WOLF,2000,129340.0,6,-160.0
49,FPT,14:25:57,Buy Up,SHEEP,100,129500.0,1,110.0
50,FPT,14:25:54,Sell Down,WOLF,3900,129390.0,9,-10.0
51,FPT,14:25:52,Sell Down,SHEEP,800,129400.0,1,0.0
52,FPT,14:25:42,Sell Down,WOLF,2500,129400.0,5,0.0
53,FPT,14:25:36,Buy Up,SHEEP,1500,129400.0,3,100.0
54,FPT,14:25:34,Sell Down,WOLF,5100,129300.0,16,-100.0
55,FPT,14:25:30,Buy Up,SHEEP,100,129400.0,1,0.0
56,FPT,14:25:22,Buy Up,SHEEP,100,129400.0,1,100.0
57,FPT,14:25:18,Sell Down,SHEEP,100,129300.0,1,0.0
58,FPT,14:25:12,Sell Down,WOLF,2000,129300.0,3,0.0
59,FPT,14:25:11,Sell Down,SHEEP,500,129300.0,1,-100.0
60,FPT,14:25:02,Buy Up,SHEEP,500,129400.0,1,0.0
61,FPT,14:24:58,Buy Up,SHEEP,100,129400.0,1,0.0
62,FPT,14:24:55,Buy Up,SHEEP,100,129400.0,1,100.0
63,FPT,14:24:45,Buy Up,SHEEP,100,129300.0,1,0.0
64,FPT,14:24:42,Buy Up,SHEEP,100,129300.0,1,0.0
65,FPT,14:24:37,Buy Up,SHARK,11100,129300.0,2,0.0
66,FPT,14:24:35,Buy Up,SHEEP,1100,129300.0,2,0.0
67,FPT,14:24:33,Sell Down,WOLF,7700,129300.0,17,-100.0
68,FPT,14:24:31,Buy Up,SHEEP,100,129400.0,1,0.0
69,FPT,14:24:28,Buy Up,SHEEP,800,129400.0,1,0.0
70,FPT,14:24:27,Buy Up,SHEEP,100,129400.0,1,100.0
71,FPT,14:24:26,Sell Down,WOLF,2000,129300.0,1,-100.0
72,FPT,14:24:23,Buy Up,WOLF,1700,129400.0,4,100.0
73,FPT,14:24:20,Sell Down,SHEEP,500,129300.0,1,-100.0
74,FPT,14:24:19,Buy Up,SHEEP,100,129400.0,1,0.0
75,FPT,14:24:17,Buy Up,SHEEP,100,129400.0,1,0.0
76,FPT,14:24:13,Buy Up,SHEEP,100,129400.0,1,100.0
77,FPT,14:24:13,Sell Down,WOLF,2500,129300.0,5,-100.0
78,FPT,14:24:09,Buy Up,SHEEP,1100,129400.0,2,0.0
79,FPT,14:24:07,Buy Up,SHEEP,500,129400.0,1,0.0
80,FPT,14:24:03,Buy Up,SHEEP,100,129400.0,1,0.0
81,FPT,14:24:01,Buy Up,WOLF,3100,129400.0,3,0.0
82,FPT,14:23:50,Buy Up,SHEEP,600,129400.0,2,100.0
83,FPT,14:23:41,Sell Down,WOLF,3200,129300.0,12,-100.0
84,FPT,14:23:40,Buy Up,SHEEP,100,129400.0,1,0.0
85,FPT,14:23:37,Buy Up,SHEEP,500,129400.0,1,0.0
86,FPT,14:23:34,Buy Up,WOLF,4100,129400.0,9,0.0
87,FPT,14:23:30,Sell Down,SHARK,8200,129400.0,16,-100.0
88,FPT,14:23:27,Buy Up,SHEEP,300,129500.0,1,100.0
89,FPT,14:23:25,Sell Down,WOLF,6700,129400.0,20,0.0
90,FPT,14:23:24,Sell Down,SHEEP,1500,129400.0,1,-100.0
91,FPT,14:23:19,Buy Up,SHEEP,200,129500.0,2,0.0
92,FPT,14:23:13,Buy Up,SHEEP,600,129500.0,2,0.0
93,FPT,14:23:12,Buy Up,SHEEP,500,129500.0,1,0.0
94,FPT,14:23:07,Sell Down,WOLF,2900,129500.0,4,0.0
95,FPT,14:23:04,Sell Down,SHEEP,1400,129500.0,1,0.0
96,FPT,14:22:53,Sell Down,WOLF,6700,129500.0,4,0.0
97,FPT,14:22:48,Buy Up,SHEEP,100,129500.0,1,0.0
98,FPT,14:22:47,Buy Up,SHEEP,100,129500.0,1,100.0
99,FPT,14:22:43,Sell Down,SHEEP,1000,129400.0,5,0.0
100,FPT,14:22:33,Sell Down,SHEEP,1000,129400.0,2,-100.0
101,FPT,14:22:32,Buy Up,WOLF,2300,129500.0,3,100.0
102,FPT,14:22:21,Sell Down,SHEEP,400,129400.0,3,-100.0
103,FPT,14:22:18,Buy Up,SHEEP,100,129500.0,1,40.0
104,FPT,14:22:09,Sell Down,SHARK,7800,129460.0,22,-140.0
105,FPT,14:22:09,Buy Up,SHEEP,1000,129600.0,1,100.0
106,FPT,14:22:08,Sell Down,WOLF,3000,129500.0,2,0.0
107,FPT,14:22:06,Sell Down,WOLF,1600,129500.0,1,0.0
108,FPT,14:22:04,Sell Down,SHARK,15400,129500.0,37,-100.0
109,FPT,14:22:04,Buy Up,SHEEP,100,129600.0,1,100.0
110,FPT,14:21:49,Sell Down,WOLF,5400,129500.0,5,-100.0
111,FPT,14:21:49,Buy Up,SHEEP,800,129600.0,2,100.0
112,FPT,14:21:48,Sell Down,SHEEP,200,129500.0,1,0.0
113,FPT,14:21:37,Sell Down,WOLF,5400,129500.0,6,-100.0
114,FPT,14:21:33,Buy Up,SHEEP,200,129600.0,2,0.0
115,FPT,14:21:28,Buy Up,SHEEP,900,129600.0,2,90.0
116,FPT,14:21:22,Sell Down,WOLF,5400,129510.0,9,-90.0
117,FPT,14:21:20,Sell Down,SHEEP,400,129600.0,1,0.0
118,FPT,14:21:19,Buy Up,SHEEP,100,129600.0,1,0.0
119,FPT,14:21:17,Buy Up,SHEEP,1100,129600.0,2,0.0
120,FPT,14:21:12,Buy Up,WOLF,3200,129600.0,2,0.0
121,FPT,14:21:08,Buy Up,SHEEP,100,129600.0,1,0.0
122,FPT,14:21:07,Buy Up,SHEEP,500,129600.0,1,-100.0
123,FPT,14:20:55,Buy Up,SHEEP,100,129700.0,1,0.0
124,FPT,14:20:51,Sell Down,SHEEP,200,129700.0,2,-100.0
125,FPT,14:20:50,Buy Up,SHEEP,100,129800.0,1,0.0
126,FPT,14:20:49,Buy Up,SHEEP,100,129800.0,1,0.0
127,FPT,14:20:39,Buy Up,SHEEP,200,129800.0,1,0.0
128,FPT,14:20:37,Buy Up,SHEEP,500,129800.0,1,250.0
129,FPT,14:20:36,Sell Down,SHARK,65000,129550.0,78,-250.0
130,FPT,14:20:35,Buy Up,SHEEP,100,129800.0,1,0.0
131,FPT,14:20:31,Buy Up,SHEEP,100,129800.0,1,100.0
132,FPT,14:20:31,Sell Down,WOLF,4900,129700.0,4,-100.0
133,FPT,14:20:24,Buy Up,SHEEP,500,129800.0,1,100.0
134,FPT,14:20:24,Sell Down,SHEEP,500,129700.0,3,-100.0
135,FPT,14:20:22,Buy Up,WOLF,1700,129800.0,1,0.0
136,FPT,14:20:18,Buy Up,WOLF,3300,129800.0,2,0.0
137,FPT,14:20:12,Buy Up,SHEEP,100,129800.0,1,0.0
138,FPT,14:20:10,Buy Up,SHEEP,200,129800.0,1,100.0
139,FPT,14:20:05,Sell Down,SHEEP,100,129700.0,1,-100.0
140,FPT,14:19:58,Buy Up,SHEEP,800,129800.0,1,0.0
141,FPT,14:19:54,Buy Up,SHEEP,200,129800.0,1,100.0
142,FPT,14:19:48,Sell Down,SHEEP,200,129700.0,1,0.0
143,FPT,14:19:42,Sell Down,SHEEP,100,129700.0,1,-100.0
144,FPT,14:19:37,Buy Up,SHEEP,200,129800.0,2,0.0
145,FPT,14:19:29,Buy Up,WOLF,5000,129800.0,1,0.0
146,FPT,14:19:05,Buy Up,SHEEP,800,129800.0,2,100.0
147,FPT,14:19:02,Sell Down,SHEEP,200,129700.0,1,0.0
148,FPT,14:19:01,Sell Down,SHEEP,800,129700.0,2,0.0
149,FPT,14:19:01,Buy Up,SHEEP,100,129700.0,1,0.0
150,FPT,14:18:57,Buy Up,SHEEP,200,129700.0,1,0.0
151,FPT,14:18:55,Sell Down,SHEEP,400,129700.0,2,0.0
152,FPT,14:18:53,Buy Up,SHEEP,200,129700.0,2,0.0
153,FPT,14:18:51,Buy Up,SHEEP,100,129700.0,1,0.0
154,FPT,14:18:48,Buy Up,WOLF,5000,129700.0,3,0.0
155,FPT,14:18:47,Buy Up,SHEEP,100,129700.0,1,0.0
156,FPT,14:18:43,Buy Up,SHEEP,1000,129700.0,1,0.0
157,FPT,14:18:40,Buy Up,WOLF,2000,129700.0,1,0.0
158,FPT,14:18:26,Buy Up,SHEEP,100,129700.0,1,0.0
159,FPT,14:18:12,Buy Up,SHEEP,700,129700.0,1,0.0
160,FPT,14:18:01,Buy Up,SHEEP,100,129700.0,1,100.0
161,FPT,14:17:58,Sell Down,SHEEP,400,129600.0,1,-100.0
162,FPT,14:17:58,Buy Up,SHEEP,300,129700.0,1,0.0
163,FPT,14:17:52,Buy Up,SHEEP,100,129700.0,1,0.0
164,FPT,14:17:48,Buy Up,SHEEP,100,129700.0,1,0.0
165,FPT,14:17:42,Buy Up,SHEEP,100,129700.0,1,0.0
166,FPT,14:17:26,Buy Up,SHEEP,500,129700.0,1,0.0
167,FPT,14:17:19,Buy Up,SHEEP,900,129700.0,2,0.0
168,FPT,14:17:01,Buy Up,SHEEP,500,129700.0,1,100.0
169,FPT,14:16:58,Sell Down,WOLF,1700,129600.0,10,-100.0
170,FPT,14:16:58,Buy Up,SHEEP,100,129700.0,1,100.0
171,FPT,14:16:54,Sell Down,WOLF,2800,129600.0,3,0.0
172,FPT,14:16:51,Sell Down,WOLF,2000,129600.0,1,-100.0
173,FPT,14:16:46,Buy Up,SHEEP,100,129700.0,1,0.0
174,FPT,14:16:42,Buy Up,SHEEP,100,129700.0,1,0.0
175,FPT,14:16:40,Buy Up,SHEEP,100,129700.0,1,0.0
176,FPT,14:16:33,Buy Up,SHEEP,200,129700.0,1,0.0
177,FPT,14:16:27,Buy Up,SHEEP,800,129700.0,1,100.0
178,FPT,14:16:26,Sell Down,SHEEP,600,129600.0,1,0.0
179,FPT,14:16:22,Sell Down,SHEEP,500,129600.0,1,-100.0
180,FPT,14:16:18,Buy Up,SHEEP,200,129700.0,1,0.0
181,FPT,14:16:04,Buy Up,SHEEP,500,129700.0,1,0.0
182,FPT,14:16:03,Buy Up,SHEEP,200,129700.0,1,100.0
183,FPT,14:15:58,Sell Down,WOLF,2100,129600.0,2,-200.0
184,FPT,14:15:52,Buy Up,SHEEP,300,129800.0,2,100.0
185,FPT,14:15:52,Sell Down,WOLF,3500,129700.0,9,-100.0
186,FPT,14:15:33,Buy Up,SHEEP,1300,129800.0,3,0.0
187,FPT,14:15:23,Buy Up,SHEEP,100,129800.0,1,0.0
188,FPT,14:15:15,Buy Up,SHEEP,100,129800.0,1,0.0
189,FPT,14:15:08,Buy Up,SHEEP,100,129800.0,1,0.0
190,FPT,14:14:58,Buy Up,SHEEP,400,129800.0,1,100.0
191,FPT,14:14:44,Sell Down,SHEEP,1000,129700.0,2,0.0
192,FPT,14:14:42,Sell Down,SHEEP,1200,129700.0,2,0.0
193,FPT,14:14:37,Buy Up,SHEEP,800,129700.0,1,100.0
194,FPT,14:14:32,Sell Down,SHEEP,100,129600.0,1,0.0
195,FPT,14:14:22,Sell Down,SHEEP,500,129600.0,1,0.0
196,FPT,14:14:20,Buy Up,WOLF,2700,129600.0,6,0.0
197,FPT,14:14:18,Buy Up,SHEEP,100,129600.0,1,0.0
198,FPT,14:14:13,Buy Up,SHEEP,900,129600.0,1,0.0
199,FPT,14:14:06,Buy Up,SHEEP,100,129600.0,1,100.0
200,FPT,14:14:04,Sell Down,SHEEP,200,129500.0,1,-100.0
201,FPT,14:14:02,Buy Up,SHEEP,200,129600.0,1,100.0
202,FPT,14:13:56,Sell Down,SHEEP,1000,129500.0,3,0.0
203,FPT,14:13:51,Sell Down,SHEEP,500,129500.0,3,-100.0
204,FPT,14:13:48,Buy Up,SHEEP,600,129600.0,1,0.0
205,FPT,14:13:45,Buy Up,SHEEP,400,129600.0,1,0.0
206,FPT,14:13:43,Buy Up,SHEEP,200,129600.0,1,0.0
207,FPT,14:13:38,Buy Up,SHEEP,1500,129600.0,1,0.0
208,FPT,14:13:32,Buy Up,SHEEP,1300,129600.0,4,0.0
209,FPT,14:13:30,Sell Down,SHEEP,600,129600.0,2,0.0
210,FPT,14:13:28,Sell Down,WOLF,4000,129600.0,14,0.0
211,FPT,14:13:27,Sell Down,SHEEP,100,129600.0,1,0.0
212,FPT,14:13:26,Sell Down,WOLF,3000,129600.0,1,0.0
213,FPT,14:13:24,Sell Down,WOLF,5000,129600.0,17,-100.0
214,FPT,14:13:24,Buy Up,SHEEP,100,129700.0,1,100.0
215,FPT,14:13:18,Sell Down,SHARK,11500,129600.0,11,-100.0
216,FPT,14:13:17,Buy Up,SHEEP,200,129700.0,1,100.0
217,FPT,14:13:14,Sell Down,SHARK,10000,129600.0,7,-100.0
218,FPT,14:13:08,Buy Up,SHEEP,100,129700.0,1,0.0
219,FPT,14:13:07,Buy Up,SHEEP,100,129700.0,1,100.0
220,FPT,14:13:04,Sell Down,SHEEP,1400,129600.0,3,-100.0
221,FPT,14:12:59,Buy Up,SHEEP,1000,129700.0,2,0.0
222,FPT,14:12:55,Buy Up,SHARK,9500,129700.0,14,0.0
223,FPT,14:12:47,Sell Down,SHEEP,1500,129700.0,4,0.0
224,FPT,14:12:40,Sell Down,SHEEP,200,129700.0,1,0.0
225,FPT,14:12:36,Sell Down,SHEEP,100,129700.0,1,-100.0
226,FPT,14:12:36,Buy Up,SHEEP,100,129800.0,1,100.0
227,FPT,14:12:32,Sell Down,WOLF,4900,129700.0,2,0.0
228,FPT,14:12:29,Buy Up,SHEEP,600,129700.0,1,0.0
229,FPT,14:12:26,Buy Up,SHEEP,200,129700.0,2,0.0
230,FPT,14:12:20,Buy Up,SHEEP,1000,129700.0,1,0.0
231,FPT,14:12:17,Buy Up,SHEEP,1000,129700.0,1,0.0
232,FPT,14:12:15,Buy Up,SHEEP,200,129700.0,2,0.0
233,FPT,14:12:14,Buy Up,SHEEP,200,129700.0,1,0.0
234,FPT,14:12:13,Sell Down,SHARK,12400,129700.0,12,-100.0
235,FPT,14:12:12,Buy Up,SHEEP,500,129800.0,1,100.0
236,FPT,14:12:12,Sell Down,WOLF,2000,129700.0,1,-100.0
237,FPT,14:12:07,Buy Up,WOLF,2000,129800.0,1,100.0
238,FPT,14:12:07,Sell Down,SHARK,10000,129700.0,32,-100.0
239,FPT,14:12:05,Buy Up,SHEEP,100,129800.0,1,0.0
240,FPT,14:12:02,Buy Up,SHEEP,100,129800.0,1,0.0
241,FPT,14:11:57,Buy Up,SHEEP,800,129800.0,2,100.0
242,FPT,14:11:56,Sell Down,SHEEP,900,129700.0,4,0.0
243,FPT,14:11:47,Sell Down,WOLF,5500,129700.0,10,0.0
244,FPT,14:11:35,Sell Down,SHEEP,200,129700.0,1,-100.0
245,FPT,14:11:23,Buy Up,SHEEP,100,129800.0,1,0.0
246,FPT,14:11:21,Buy Up,SHEEP,100,129800.0,1,0.0
247,FPT,14:11:09,Buy Up,SHEEP,100,129800.0,1,0.0
248,FPT,14:11:07,Buy Up,SHEEP,300,129800.0,1,0.0
249,FPT,14:11:06,Buy Up,WOLF,5000,129800.0,1,0.0
250,FPT,14:10:59,Buy Up,SHEEP,300,129800.0,2,0.0
251,FPT,14:10:57,Buy Up,SHEEP,600,129800.0,1,0.0
252,FPT,14:10:53,Buy Up,SHEEP,100,129800.0,1,-100.0
253,FPT,14:10:41,Buy Up,SHEEP,200,129900.0,1,-10.0
254,FPT,14:10:29,Buy Up,SHEEP,1100,129910.0,4,10.0
255,FPT,14:10:10,Buy Up,SHEEP,700,129900.0,2,100.0
256,FPT,14:10:03,Sell Down,SHARK,57600,129800.0,99,-100.0
257,FPT,14:09:40,Sell Down,WOLF,5000,129900.0,8,-100.0
258,FPT,14:09:37,Buy Up,SHEEP,200,130000.0,1,0.0
259,FPT,14:09:18,Buy Up,SHEEP,1200,130000.0,2,0.0
260,FPT,14:09:00,Buy Up,SHEEP,100,130000.0,1,0.0
261,FPT,14:08:55,Buy Up,WOLF,5000,130000.0,1,0.0
262,FPT,14:08:54,Buy Up,SHEEP,300,130000.0,1,0.0
263,FPT,14:08:54,Sell Down,WOLF,2000,130000.0,6,0.0
264,FPT,14:08:41,Sell Down,SHEEP,100,130000.0,1,0.0
265,FPT,14:08:35,Sell Down,WOLF,1700,130000.0,1,0.0
266,FPT,14:08:30,Buy Up,SHEEP,100,130000.0,1,0.0
267,FPT,14:08:29,Buy Up,SHEEP,100,130000.0,1,0.0
268,FPT,14:08:24,Buy Up,SHEEP,800,130000.0,1,0.0
269,FPT,14:08:23,Buy Up,SHEEP,500,130000.0,2,0.0
270,FPT,14:08:20,Buy Up,SHEEP,500,130000.0,1,0.0
271,FPT,14:08:12,Buy Up,SHEEP,300,130000.0,1,0.0
272,FPT,14:08:11,Buy Up,SHEEP,100,130000.0,1,0.0
273,FPT,14:08:05,Buy Up,SHEEP,800,130000.0,1,0.0
274,FPT,14:08:05,Sell Down,WOLF,4100,130000.0,8,-100.0
275,FPT,14:07:49,Buy Up,SHEEP,100,130100.0,1,70.0
276,FPT,14:07:32,Buy Up,WOLF,2300,130030.0,3,30.0
277,FPT,14:07:29,Sell Down,SHARK,8500,130000.0,9,0.0
278,FPT,14:07:22,Buy Up,SHEEP,300,130000.0,3,0.0
279,FPT,14:07:17,Buy Up,SHEEP,200,130000.0,1,0.0
280,FPT,14:07:15,Buy Up,SHEEP,500,130000.0,1,0.0
281,FPT,14:07:13,Buy Up,SHEEP,100,130000.0,1,0.0
282,FPT,14:07:11,Buy Up,WOLF,1600,130000.0,2,0.0
283,FPT,14:07:09,Buy Up,WOLF,2000,130000.0,1,0.0
284,FPT,14:07:07,Buy Up,SHEEP,700,130000.0,2,0.0
285,FPT,14:07:05,Buy Up,SHEEP,400,130000.0,2,0.0
286,FPT,14:07:02,Buy Up,SHEEP,100,130000.0,1,0.0
287,FPT,14:07:00,Buy Up,SHEEP,100,130000.0,1,0.0
288,FPT,14:06:59,Buy Up,SHEEP,1100,130000.0,2,0.0
289,FPT,14:06:56,Buy Up,SHEEP,600,130000.0,2,0.0
290,FPT,14:06:54,Buy Up,SHEEP,100,130000.0,1,0.0
291,FPT,14:06:50,Buy Up,SHEEP,1200,130000.0,3,0.0
292,FPT,14:06:43,Buy Up,SHEEP,100,130000.0,1,0.0
293,FPT,14:06:40,Buy Up,SHEEP,1000,130000.0,2,0.0
294,FPT,14:06:38,Buy Up,SHEEP,800,130000.0,2,0.0
295,FPT,14:06:27,Buy Up,SHEEP,100,130000.0,1,0.0
296,FPT,14:06:25,Buy Up,SHEEP,100,130000.0,1,0.0
297,FPT,14:06:23,Buy Up,WOLF,5100,130000.0,2,0.0
298,FPT,14:06:13,Buy Up,SHEEP,100,130000.0,1,0.0
299,FPT,14:06:00,Buy Up,WOLF,2000,130000.0,1,100.0
300,FPT,14:05:57,Sell Down,SHEEP,100,129900.0,1,-100.0
301,FPT,14:05:53,Buy Up,SHEEP,100,130000.0,1,0.0
302,FPT,14:05:47,Buy Up,WOLF,2000,130000.0,2,0.0
303,FPT,14:05:46,Buy Up,SHEEP,1000,130000.0,3,0.0
304,FPT,14:05:44,Buy Up,SHEEP,900,130000.0,2,0.0
305,FPT,14:05:32,Buy Up,SHEEP,800,130000.0,1,100.0
306,FPT,14:05:25,Sell Down,SHEEP,100,129900.0,1,-100.0
307,FPT,14:05:25,Buy Up,SHEEP,100,130000.0,1,0.0
308,FPT,14:05:15,Buy Up,SHEEP,1000,130000.0,1,0.0
309,FPT,14:05:11,Buy Up,WOLF,1800,130000.0,4,0.0
310,FPT,14:05:09,Buy Up,SHEEP,600,130000.0,2,0.0
311,FPT,14:05:07,Buy Up,WOLF,7000,130000.0,1,0.0
312,FPT,14:05:00,Buy Up,SHEEP,100,130000.0,1,0.0
313,FPT,14:04:55,Buy Up,SHEEP,100,130000.0,1,0.0
314,FPT,14:04:49,Buy Up,SHEEP,200,130000.0,1,0.0
315,FPT,14:04:33,Buy Up,SHEEP,100,130000.0,1,100.0
316,FPT,14:04:28,Buy Up,SHEEP,100,129900.0,1,0.0
317,FPT,14:04:27,Buy Up,SHEEP,1000,129900.0,1,0.0
318,FPT,14:04:24,Buy Up,SHEEP,100,129900.0,1,0.0
319,FPT,14:04:23,Buy Up,SHEEP,1000,129900.0,1,0.0
320,FPT,14:04:20,Buy Up,SHEEP,100,129900.0,1,0.0
321,FPT,14:04:18,Buy Up,SHEEP,200,129900.0,2,0.0
322,FPT,14:04:16,Buy Up,SHEEP,100,129900.0,1,0.0
323,FPT,14:04:08,Buy Up,SHEEP,300,129900.0,1,0.0
324,FPT,14:04:02,Sell Down,SHARK,21300,129900.0,15,0.0
325,FPT,14:03:56,Sell Down,SHEEP,200,129900.0,1,0.0
326,FPT,14:03:43,Sell Down,SHARK,20000,129900.0,4,0.0
327,FPT,14:03:33,Sell Down,SHEEP,200,129900.0,1,0.0
328,FPT,14:03:30,Sell Down,SHEEP,200,129900.0,1,-100.0
329,FPT,14:03:07,Buy Up,SHEEP,200,130000.0,1,0.0
330,FPT,14:03:04,Buy Up,SHEEP,100,130000.0,1,0.0
331,FPT,14:03:01,Buy Up,SHEEP,800,130000.0,1,0.0
332,FPT,14:02:57,Buy Up,SHEEP,500,130000.0,1,0.0
333,FPT,14:02:51,Buy Up,SHEEP,1000,130000.0,1,0.0
334,FPT,14:02:44,Buy Up,WOLF,5000,130000.0,1,0.0
335,FPT,14:02:31,Sell Down,WOLF,3800,130000.0,3,0.0
336,FPT,14:02:12,Buy Up,WOLF,1700,130000.0,5,0.0
337,FPT,14:02:04,Buy Up,SHEEP,900,130000.0,4,0.0
338,FPT,14:01:54,Buy Up,WOLF,3000,130000.0,3,0.0
339,FPT,14:01:48,Buy Up,WOLF,3000,130000.0,2,100.0
340,FPT,14:01:33,Buy Up,WOLF,5400,129900.0,5,0.0
341,FPT,14:01:32,Buy Up,SHEEP,1000,129900.0,1,0.0
342,FPT,14:01:26,Buy Up,SHEEP,600,129900.0,2,0.0
343,FPT,14:01:23,Buy Up,WOLF,2400,129900.0,4,0.0
344,FPT,14:01:11,Buy Up,SHEEP,800,129900.0,1,0.0
345,FPT,14:01:05,Buy Up,SHEEP,1000,129900.0,1,0.0
346,FPT,14:00:53,Buy Up,WOLF,2900,129900.0,4,0.0
347,FPT,14:00:37,Buy Up,SHEEP,300,129900.0,1,0.0
348,FPT,14:00:19,Buy Up,SHEEP,100,129900.0,1,0.0
349,FPT,14:00:18,Buy Up,SHEEP,700,129900.0,1,0.0
350,FPT,14:00:08,Buy Up,SHEEP,100,129900.0,1,100.0
351,FPT,14:00:02,Sell Down,SHEEP,200,129800.0,1,-100.0
352,FPT,14:00:02,Buy Up,SHEEP,100,129900.0,1,0.0
353,FPT,14:00:01,Buy Up,SHEEP,200,129900.0,1,100.0
354,FPT,13:59:53,Sell Down,SHEEP,100,129800.0,1,-100.0
355,FPT,13:59:52,Buy Up,SHEEP,200,129900.0,1,0.0
356,FPT,13:59:33,Buy Up,SHEEP,100,129900.0,1,0.0
357,FPT,13:59:26,Buy Up,SHEEP,800,129900.0,1,100.0
358,FPT,13:59:23,Sell Down,SHEEP,100,129800.0,1,-100.0
359,FPT,13:59:16,Buy Up,SHEEP,400,129900.0,2,100.0
360,FPT,13:59:15,Sell Down,SHEEP,1000,129800.0,2,0.0
361,FPT,13:58:58,Sell Down,SHEEP,100,129800.0,1,-100.0
362,FPT,13:58:43,Buy Up,SHEEP,100,129900.0,1,0.0
363,FPT,13:58:32,Buy Up,SHEEP,100,129900.0,1,0.0
364,FPT,13:58:31,Buy Up,SHEEP,800,129900.0,1,0.0
365,FPT,13:58:11,Buy Up,SHEEP,200,129900.0,1,0.0
366,FPT,13:57:59,Buy Up,WOLF,1800,129900.0,5,-100.0
367,FPT,13:57:55,Buy Up,SHEEP,600,130000.0,2,0.0
368,FPT,13:57:38,Buy Up,SHEEP,800,130000.0,1,100.0
369,FPT,13:57:33,Sell Down,SHEEP,200,129900.0,1,-100.0
370,FPT,13:57:32,Buy Up,SHEEP,500,130000.0,1,0.0
371,FPT,13:57:28,Buy Up,SHEEP,100,130000.0,1,100.0
372,FPT,13:57:26,Sell Down,SHEEP,300,129900.0,1,0.0
373,FPT,13:57:03,Sell Down,SHEEP,300,129900.0,3,-100.0
374,FPT,13:56:46,Buy Up,SHEEP,800,130000.0,1,0.0
375,FPT,13:56:13,Buy Up,SHEEP,100,130000.0,1,100.0
376,FPT,13:56:08,Buy Up,SHEEP,900,129900.0,2,0.0
377,FPT,13:55:53,Buy Up,SHEEP,700,129900.0,2,0.0
378,FPT,13:55:43,Buy Up,SHEEP,200,129900.0,2,0.0
379,FPT,13:55:38,Sell Down,SHEEP,300,129900.0,2,0.0
380,FPT,13:55:30,Sell Down,SHEEP,1500,129900.0,6,0.0
381,FPT,13:55:07,Sell Down,SHEEP,100,129900.0,1,-100.0
382,FPT,13:55:01,Buy Up,SHEEP,800,130000.0,1,100.0
383,FPT,13:54:57,Sell Down,SHEEP,300,129900.0,2,-100.0
384,FPT,13:54:54,Buy Up,SHEEP,500,130000.0,1,0.0
385,FPT,13:54:51,Buy Up,SHEEP,400,130000.0,1,0.0
386,FPT,13:54:09,Buy Up,SHEEP,800,130000.0,1,170.0
387,FPT,13:54:03,Sell Down,SHEEP,400,129830.0,2,-70.0
388,FPT,13:53:52,Buy Up,SHEEP,100,129900.0,1,0.0
389,FPT,13:53:49,Buy Up,SHEEP,500,129900.0,1,0.0
390,FPT,13:53:40,Sell Down,WOLF,3300,129900.0,3,-100.0
391,FPT,13:53:33,Buy Up,SHEEP,200,130000.0,1,0.0
392,FPT,13:53:23,Buy Up,SHEEP,200,130000.0,1,100.0
393,FPT,13:53:23,Sell Down,SHEEP,1300,129900.0,6,-100.0
394,FPT,13:53:17,Buy Up,SHEEP,200,130000.0,1,0.0
395,FPT,13:53:15,Buy Up,SHEEP,900,130000.0,2,0.0
396,FPT,13:53:09,Buy Up,SHEEP,100,130000.0,1,0.0
397,FPT,13:52:57,Buy Up,SHEEP,100,130000.0,1,100.0
398,FPT,13:52:56,Sell Down,SHEEP,200,129900.0,1,-100.0
399,FPT,13:52:31,Buy Up,SHEEP,100,130000.0,1,0.0
400,FPT,13:52:27,Buy Up,SHEEP,500,130000.0,1,0.0
401,FPT,13:52:23,Buy Up,SHEEP,1200,130000.0,2,0.0
402,FPT,13:52:19,Buy Up,SHEEP,100,130000.0,1,0.0
403,FPT,13:52:07,Buy Up,SHEEP,100,130000.0,1,0.0
404,FPT,13:51:57,Buy Up,SHEEP,100,130000.0,1,100.0
405,FPT,13:51:57,Sell Down,SHEEP,100,129900.0,1,-100.0
406,FPT,13:51:56,Buy Up,SHEEP,100,130000.0,1,0.0
407,FPT,13:51:45,Buy Up,SHEEP,100,130000.0,1,0.0
408,FPT,13:51:28,Buy Up,SHEEP,900,130000.0,2,100.0
409,FPT,13:50:58,Sell Down,SHEEP,900,129900.0,3,0.0
410,FPT,13:50:34,Buy Up,SHEEP,100,129900.0,1,0.0
411,FPT,13:50:31,Buy Up,SHEEP,100,129900.0,1,100.0
412,FPT,13:50:23,Buy Up,SHEEP,200,129800.0,1,0.0
413,FPT,13:50:21,Sell Down,WOLF,1800,129800.0,4,0.0
414,FPT,13:50:07,Buy Up,WOLF,3600,129800.0,2,0.0
415,FPT,13:49:57,Sell Down,WOLF,5500,129800.0,13,0.0
416,FPT,13:49:55,Sell Down,WOLF,5000,129800.0,11,0.0
417,FPT,13:49:52,Sell Down,SHARK,20000,129800.0,33,-100.0
418,FPT,13:49:41,Buy Up,SHEEP,800,129900.0,1,0.0
419,FPT,13:49:38,Buy Up,SHEEP,200,129900.0,1,0.0
420,FPT,13:49:31,Buy Up,SHEEP,600,129900.0,1,0.0
421,FPT,13:49:28,Buy Up,SHEEP,100,129900.0,1,0.0
422,FPT,13:49:20,Sell Down,WOLF,3700,129900.0,11,0.0
423,FPT,13:49:19,Sell Down,SHEEP,1000,129900.0,4,-100.0
424,FPT,13:49:18,Buy Up,SHEEP,500,130000.0,1,0.0
425,FPT,13:49:12,Buy Up,SHEEP,100,130000.0,1,0.0
426,FPT,13:49:04,Buy Up,SHEEP,200,130000.0,1,0.0
427,FPT,13:48:27,Buy Up,SHEEP,200,130000.0,1,0.0
428,FPT,13:48:19,Sell Down,SHARK,9000,130000.0,9,-100.0
429,FPT,13:48:03,Buy Up,SHEEP,200,130100.0,1,0.0
430,FPT,13:48:00,Buy Up,SHEEP,100,130100.0,1,0.0
431,FPT,13:47:55,Buy Up,SHEEP,700,130100.0,1,100.0
432,FPT,13:47:53,Sell Down,WOLF,1900,130000.0,6,0.0
433,FPT,13:47:37,Sell Down,SHEEP,100,130000.0,1,0.0
434,FPT,13:47:20,Sell Down,WOLF,2000,130000.0,7,0.0
435,FPT,13:47:16,Sell Down,SHEEP,500,130000.0,1,-100.0
436,FPT,13:47:07,Buy Up,SHEEP,100,130100.0,1,100.0
437,FPT,13:47:05,Sell Down,SHEEP,400,130000.0,4,-100.0
438,FPT,13:47:03,Buy Up,SHEEP,800,130100.0,1,100.0
439,FPT,13:46:59,Sell Down,SHEEP,500,130000.0,1,-200.0
440,FPT,13:46:42,Buy Up,SHEEP,100,130200.0,1,0.0
441,FPT,13:46:39,Buy Up,SHEEP,100,130200.0,1,0.0
442,FPT,13:46:26,Buy Up,SHEEP,200,130200.0,1,0.0
443,FPT,13:46:10,Buy Up,SHEEP,800,130200.0,1,0.0
444,FPT,13:45:57,Buy Up,WOLF,3200,130200.0,2,0.0
445,FPT,13:45:18,Buy Up,SHEEP,800,130200.0,1,0.0
446,FPT,13:45:05,Buy Up,SHEEP,400,130200.0,1,0.0
447,FPT,13:44:25,Buy Up,SHEEP,700,130200.0,1,200.0
448,FPT,13:44:08,Buy Up,SHARK,7900,130000.0,3,0.0
449,FPT,13:44:03,Buy Up,WOLF,2000,130000.0,1,0.0
450,FPT,13:43:56,Buy Up,SHEEP,100,130000.0,1,0.0
451,FPT,13:43:52,Buy Up,SHEEP,100,130000.0,1,0.0
452,FPT,13:43:49,Buy Up,SHEEP,300,130000.0,2,0.0
453,FPT,13:43:42,Buy Up,SHEEP,100,130000.0,1,0.0
454,FPT,13:43:33,Buy Up,SHEEP,800,130000.0,1,0.0
455,FPT,13:43:30,Buy Up,SHEEP,100,130000.0,1,0.0
456,FPT,13:43:23,Buy Up,SHEEP,1000,130000.0,1,0.0
457,FPT,13:43:19,Buy Up,SHEEP,1400,130000.0,5,-60.0
458,FPT,13:43:19,Sell Down,WOLF,6900,130060.0,14,-140.0
459,FPT,13:43:19,Buy Up,SHEEP,100,130200.0,1,0.0
460,FPT,13:43:06,Buy Up,WOLF,1900,130200.0,2,0.0
461,FPT,13:43:01,Buy Up,SHEEP,1000,130200.0,1,0.0
462,FPT,13:42:49,Buy Up,SHEEP,300,130200.0,1,100.0
463,FPT,13:42:48,Sell Down,SHEEP,100,130100.0,1,-100.0
464,FPT,13:42:38,Buy Up,SHEEP,800,130200.0,2,80.0
465,FPT,13:42:29,Buy Up,SHARK,17000,130120.0,5,20.0
466,FPT,13:42:23,Buy Up,SHEEP,200,130100.0,1,0.0
467,FPT,13:42:11,Buy Up,WOLF,2800,130100.0,1,0.0
468,FPT,13:42:01,Buy Up,SHEEP,300,130100.0,1,0.0
469,FPT,13:41:45,Buy Up,SHEEP,800,130100.0,1,100.0
470,FPT,13:41:33,Buy Up,SHEEP,100,130000.0,1,0.0
471,FPT,13:41:27,Buy Up,SHARK,36000,130000.0,29,0.0
472,FPT,13:41:20,Buy Up,SHEEP,1000,130000.0,1,0.0
473,FPT,13:41:15,Buy Up,SHEEP,1100,130000.0,2,0.0
474,FPT,13:41:13,Buy Up,SHEEP,700,130000.0,1,0.0
475,FPT,13:40:53,Buy Up,SHEEP,100,130000.0,1,0.0
476,FPT,13:40:52,Buy Up,SHEEP,800,130000.0,1,0.0
477,FPT,13:40:47,Buy Up,SHEEP,200,130000.0,1,0.0
478,FPT,13:40:04,Buy Up,SHEEP,200,130000.0,2,0.0
479,FPT,13:39:59,Buy Up,SHEEP,800,130000.0,1,100.0
480,FPT,13:39:34,Sell Down,SHEEP,100,129900.0,1,0.0
481,FPT,13:39:29,Buy Up,SHEEP,600,129900.0,1,0.0
482,FPT,13:39:23,Buy Up,SHEEP,200,129900.0,2,0.0
483,FPT,13:39:17,Buy Up,SHEEP,200,129900.0,1,0.0
484,FPT,13:39:07,Buy Up,SHEEP,200,129900.0,1,0.0
485,FPT,13:39:05,Buy Up,SHEEP,800,129900.0,1,0.0
486,FPT,13:38:58,Buy Up,SHEEP,100,129900.0,1,0.0
487,FPT,13:38:45,Buy Up,SHEEP,100,129900.0,1,100.0
488,FPT,13:38:32,Sell Down,SHEEP,300,129800.0,2,-100.0
489,FPT,13:38:32,Buy Up,SHEEP,100,129900.0,1,0.0
490,FPT,13:38:15,Buy Up,SHEEP,100,129900.0,1,0.0
491,FPT,13:38:12,Buy Up,SHEEP,700,129900.0,2,100.0
492,FPT,13:37:46,Sell Down,SHEEP,200,129800.0,2,-100.0
493,FPT,13:37:42,Buy Up,SHEEP,600,129900.0,3,0.0
494,FPT,13:37:39,Buy Up,SHEEP,1000,129900.0,1,0.0
495,FPT,13:37:36,Buy Up,SHEEP,1000,129900.0,1,0.0
496,FPT,13:37:25,Buy Up,SHEEP,100,129900.0,1,0.0
497,FPT,13:37:22,Buy Up,SHEEP,100,129900.0,1,0.0
498,FPT,13:37:19,Buy Up,SHEEP,1300,129900.0,4,100.0
499,FPT,13:37:18,Sell Down,SHEEP,100,129800.0,1,-100.0
500,FPT,13:37:08,Buy Up,SHEEP,1000,129900.0,2,0.0
501,FPT,13:37:07,Buy Up,SHEEP,100,129900.0,1,0.0
502,FPT,13:37:05,Buy Up,SHEEP,700,129900.0,4,0.0
503,FPT,13:37:02,Buy Up,SHEEP,700,129900.0,2,0.0
504,FPT,13:36:58,Buy Up,SHEEP,200,129900.0,2,0.0
505,FPT,13:36:55,Buy Up,SHEEP,300,129900.0,1,0.0
506,FPT,13:36:53,Buy Up,SHEEP,100,129900.0,1,0.0
507,FPT,13:36:51,Buy Up,SHEEP,100,129900.0,1,100.0
508,FPT,13:36:42,Sell Down,SHEEP,200,129800.0,1,-100.0
509,FPT,13:36:39,Buy Up,WOLF,3000,129900.0,4,0.0
510,FPT,13:36:26,Buy Up,SHEEP,900,129900.0,2,0.0
511,FPT,13:36:24,Buy Up,SHEEP,300,129900.0,1,100.0
512,FPT,13:36:23,Sell Down,SHEEP,300,129800.0,1,0.0
513,FPT,13:35:58,Sell Down,SHEEP,1000,129800.0,2,0.0
514,FPT,13:35:55,Sell Down,SHEEP,100,129800.0,1,0.0
515,FPT,13:35:48,Sell Down,SHEEP,100,129800.0,1,0.0
516,FPT,13:35:31,Sell Down,SHEEP,100,129800.0,1,-100.0
517,FPT,13:35:31,Buy Up,SHEEP,100,129900.0,1,0.0
518,FPT,13:35:25,Buy Up,SHEEP,800,129900.0,1,100.0
519,FPT,13:35:24,Sell Down,WOLF,1900,129800.0,1,0.0
520,FPT,13:35:07,Sell Down,SHEEP,800,129800.0,1,0.0
521,FPT,13:35:05,Sell Down,SHEEP,100,129800.0,1,0.0
522,FPT,13:35:02,Sell Down,SHEEP,1500,129800.0,2,0.0
523,FPT,13:34:57,Sell Down,WOLF,2000,129800.0,2,0.0
524,FPT,13:34:54,Sell Down,SHEEP,100,129800.0,1,-100.0
525,FPT,13:34:53,Buy Up,WOLF,2000,129900.0,1,100.0
526,FPT,13:34:51,Sell Down,WOLF,2000,129800.0,1,0.0
527,FPT,13:34:36,Sell Down,SHEEP,1000,129800.0,1,-100.0
528,FPT,13:34:31,Buy Up,SHEEP,800,129900.0,1,0.0
529,FPT,13:34:24,Buy Up,SHEEP,500,129900.0,1,100.0
530,FPT,13:34:06,Sell Down,SHEEP,1000,129800.0,2,0.0
531,FPT,13:34:05,Sell Down,SHEEP,100,129800.0,1,0.0
532,FPT,13:33:47,Sell Down,SHEEP,500,129800.0,1,-100.0
533,FPT,13:33:46,Buy Up,SHEEP,100,129900.0,1,0.0
534,FPT,13:33:40,Buy Up,SHEEP,800,129900.0,1,100.0
535,FPT,13:33:38,Sell Down,SHEEP,600,129800.0,2,0.0
536,FPT,13:33:12,Sell Down,SHEEP,100,129800.0,1,0.0
537,FPT,13:33:08,Sell Down,SHEEP,200,129800.0,1,0.0
538,FPT,13:33:06,Sell Down,SHEEP,600,129800.0,2,0.0
539,FPT,13:33:04,Sell Down,SHEEP,100,129800.0,1,0.0
540,FPT,13:32:56,Sell Down,SHEEP,200,129800.0,1,0.0
541,FPT,13:32:48,Sell Down,SHEEP,1000,129800.0,3,-100.0
542,FPT,13:32:47,Buy Up,SHEEP,700,129900.0,1,0.0
543,FPT,13:32:26,Buy Up,SHEEP,1000,129900.0,1,0.0
544,FPT,13:31:54,Buy Up,SHEEP,800,129900.0,1,100.0
545,FPT,13:31:52,Sell Down,SHEEP,200,129800.0,1,0.0
546,FPT,13:31:37,Sell Down,SHEEP,100,129800.0,1,0.0
547,FPT,13:31:29,Sell Down,SHEEP,1000,129800.0,5,0.0
548,FPT,13:31:02,Sell Down,SHEEP,1000,129800.0,2,0.0
549,FPT,13:30:59,Sell Down,WOLF,2900,129800.0,5,0.0
550,FPT,13:30:57,Sell Down,WOLF,2000,129800.0,7,0.0
551,FPT,13:30:41,Sell Down,WOLF,2600,129800.0,9,0.0
552,FPT,13:30:39,Sell Down,SHEEP,100,129800.0,1,0.0
553,FPT,13:30:32,Sell Down,SHEEP,1000,129800.0,5,0.0
554,FPT,13:30:30,Sell Down,SHEEP,200,129800.0,1,0.0
555,FPT,13:30:27,Sell Down,WOLF,2000,129800.0,1,0.0
556,FPT,13:30:20,Sell Down,SHEEP,200,129800.0,1,0.0
557,FPT,13:30:18,Sell Down,SHEEP,100,129800.0,1,0.0
558,FPT,13:30:11,Sell Down,WOLF,1600,129800.0,1,0.0
559,FPT,13:30:09,Sell Down,SHEEP,200,129800.0,1,0.0
560,FPT,13:30:06,Sell Down,SHEEP,300,129800.0,1,-100.0
561,FPT,13:30:05,Buy Up,SHEEP,800,129900.0,1,0.0
562,FPT,13:30:02,Buy Up,SHEEP,200,129900.0,1,100.0
563,FPT,13:29:55,Sell Down,WOLF,2100,129800.0,2,0.0
564,FPT,13:29:49,Sell Down,SHEEP,300,129800.0,1,0.0
565,FPT,13:29:44,Sell Down,WOLF,2700,129800.0,1,0.0
566,FPT,13:29:25,Sell Down,SHEEP,400,129800.0,4,0.0
567,FPT,13:29:17,Sell Down,WOLF,3000,129800.0,7,-100.0
568,FPT,13:29:12,Buy Up,SHEEP,700,129900.0,1,100.0
569,FPT,13:28:37,Sell Down,SHEEP,200,129800.0,1,0.0
570,FPT,13:28:15,Sell Down,WOLF,3800,129800.0,1,-100.0
571,FPT,13:28:13,Buy Up,SHEEP,200,129900.0,1,0.0
572,FPT,13:28:11,Buy Up,SHEEP,200,129900.0,1,0.0
573,FPT,13:27:51,Buy Up,SHEEP,100,129900.0,1,100.0
574,FPT,13:27:45,Sell Down,WOLF,2000,129800.0,1,-100.0
575,FPT,13:27:18,Buy Up,SHEEP,100,129900.0,1,100.0
576,FPT,13:27:16,Sell Down,SHEEP,100,129800.0,1,-100.0
577,FPT,13:27:13,Buy Up,SHEEP,1000,129900.0,2,100.0
578,FPT,13:27:10,Sell Down,WOLF,5000,129800.0,3,-100.0
579,FPT,13:27:02,Buy Up,SHEEP,300,129900.0,2,100.0
580,FPT,13:26:58,Sell Down,SHEEP,500,129800.0,2,-100.0
581,FPT,13:26:45,Buy Up,SHEEP,100,129900.0,1,100.0
582,FPT,13:26:44,Sell Down,SHEEP,400,129800.0,2,-100.0
583,FPT,13:26:41,Buy Up,SHEEP,100,129900.0,1,0.0
584,FPT,13:26:35,Sell Down,SHEEP,700,129900.0,1,0.0
585,FPT,13:26:21,Sell Down,SHEEP,100,129900.0,1,0.0
586,FPT,13:26:13,Sell Down,SHEEP,100,129900.0,1,0.0
587,FPT,13:26:06,Sell Down,SHEEP,200,129900.0,1,0.0
588,FPT,13:25:59,Buy Up,SHEEP,100,129900.0,1,0.0
589,FPT,13:25:55,Buy Up,SHEEP,200,129900.0,2,0.0
590,FPT,13:25:44,Buy Up,SHEEP,1000,129900.0,2,100.0
591,FPT,13:25:43,Sell Down,WOLF,2000,129800.0,7,-100.0
592,FPT,13:25:32,Buy Up,WOLF,2000,129900.0,7,0.0
593,FPT,13:25:30,Sell Down,WOLF,3200,129900.0,1,0.0
594,FPT,13:25:28,Sell Down,WOLF,4100,129900.0,1,0.0
595,FPT,13:25:26,Sell Down,WOLF,6000,129900.0,1,0.0
596,FPT,13:25:23,Sell Down,WOLF,3300,129900.0,4,0.0
597,FPT,13:25:18,Sell Down,SHEEP,400,129900.0,1,0.0
598,FPT,13:25:07,Sell Down,SHEEP,100,129900.0,1,0.0
599,FPT,13:24:58,Sell Down,WOLF,3500,129900.0,1,0.0
600,FPT,13:24:57,Sell Down,SHEEP,100,129900.0,1,0.0
601,FPT,13:24:53,Sell Down,SHEEP,100,129900.0,1,0.0
602,FPT,13:24:45,Sell Down,WOLF,4100,129900.0,7,0.0
603,FPT,13:24:38,Sell Down,SHEEP,100,129900.0,1,0.0
604,FPT,13:24:28,Sell Down,SHEEP,100,129900.0,1,0.0
605,FPT,13:24:22,Sell Down,WOLF,7000,129900.0,8,0.0
606,FPT,13:23:49,Sell Down,SHEEP,100,129900.0,1,0.0
607,FPT,13:23:09,Sell Down,SHEEP,100,129900.0,1,0.0
608,FPT,13:23:05,Sell Down,SHEEP,100,129900.0,1,0.0
609,FPT,13:23:01,Sell Down,WOLF,5000,129900.0,7,0.0
610,FPT,13:22:37,Sell Down,SHEEP,1000,129900.0,2,-100.0
611,FPT,13:22:27,Buy Up,SHEEP,100,130000.0,1,100.0
612,FPT,13:22:27,Sell Down,SHEEP,1000,129900.0,1,-100.0
613,FPT,13:22:04,Buy Up,SHEEP,100,130000.0,1,0.0
614,FPT,13:21:52,Buy Up,SHEEP,100,130000.0,1,100.0
615,FPT,13:21:49,Sell Down,SHEEP,100,129900.0,1,0.0
616,FPT,13:21:45,Sell Down,WOLF,6100,129900.0,2,-100.0
617,FPT,13:21:40,Buy Up,SHEEP,1000,130000.0,1,100.0
618,FPT,13:21:30,Sell Down,WOLF,5000,129900.0,3,0.0
619,FPT,13:21:09,Sell Down,SHEEP,200,129900.0,1,-100.0
620,FPT,13:21:09,Buy Up,WOLF,5000,130000.0,6,0.0
621,FPT,13:20:51,Buy Up,SHEEP,100,130000.0,1,0.0
622,FPT,13:20:44,Buy Up,SHEEP,100,130000.0,1,0.0
623,FPT,13:20:38,Buy Up,WOLF,2000,130000.0,1,0.0
624,FPT,13:20:25,Buy Up,SHEEP,1000,130000.0,1,100.0
625,FPT,13:20:11,Sell Down,SHEEP,100,129900.0,1,0.0
626,FPT,13:19:27,Sell Down,SHEEP,100,129900.0,1,-100.0
627,FPT,13:19:22,Buy Up,SHEEP,300,130000.0,1,100.0
628,FPT,13:19:07,Sell Down,SHEEP,500,129900.0,1,0.0
629,FPT,13:18:57,Sell Down,SHEEP,300,129900.0,1,-100.0
630,FPT,13:18:50,Buy Up,WOLF,4000,130000.0,1,100.0
631,FPT,13:18:50,Sell Down,SHEEP,800,129900.0,1,0.0
632,FPT,13:18:48,Sell Down,SHEEP,100,129900.0,1,0.0
633,FPT,13:18:37,Sell Down,SHEEP,100,129900.0,1,0.0
634,FPT,13:18:25,Sell Down,SHEEP,1500,129900.0,1,-100.0
635,FPT,13:18:09,Buy Up,SHEEP,500,130000.0,2,100.0
636,FPT,13:17:53,Sell Down,SHEEP,200,129900.0,2,0.0
637,FPT,13:17:42,Sell Down,SHEEP,200,129900.0,1,0.0
638,FPT,13:17:35,Sell Down,SHEEP,100,129900.0,1,0.0
639,FPT,13:17:32,Sell Down,SHARK,18000,129900.0,2,0.0
640,FPT,13:17:08,Sell Down,SHEEP,600,129900.0,1,-100.0
641,FPT,13:17:02,Buy Up,SHEEP,500,130000.0,1,100.0
642,FPT,13:16:48,Sell Down,SHEEP,400,129900.0,1,-100.0
643,FPT,13:16:36,Buy Up,SHEEP,100,130000.0,1,0.0
644,FPT,13:16:30,Buy Up,SHEEP,500,130000.0,2,0.0
645,FPT,13:16:08,Buy Up,SHEEP,700,130000.0,1,0.0
646,FPT,13:16:04,Buy Up,SHEEP,1000,130000.0,1,100.0
647,FPT,13:16:02,Sell Down,SHEEP,900,129900.0,3,-100.0
648,FPT,13:15:52,Buy Up,SHEEP,800,130000.0,1,0.0
649,FPT,13:15:44,Sell Down,SHEEP,1300,130000.0,2,0.0
650,FPT,13:15:42,Sell Down,WOLF,4000,130000.0,10,0.0
651,FPT,13:15:31,Sell Down,WOLF,6500,130000.0,6,0.0
652,FPT,13:15:26,Sell Down,SHEEP,500,130000.0,1,0.0
653,FPT,13:15:22,Sell Down,WOLF,3300,130000.0,2,-100.0
654,FPT,13:14:28,Sell Down,SHEEP,100,130100.0,1,0.0
655,FPT,13:14:27,Sell Down,SHEEP,100,130100.0,1,-100.0
656,FPT,13:14:26,Buy Up,SHEEP,100,130200.0,1,100.0
657,FPT,13:14:09,Sell Down,WOLF,1800,130100.0,2,0.0
658,FPT,13:13:50,Sell Down,WOLF,3600,130100.0,1,0.0
659,FPT,13:13:44,Sell Down,SHEEP,100,130100.0,1,0.0
660,FPT,13:13:39,Sell Down,SHEEP,400,130100.0,1,0.0
661,FPT,13:13:36,Buy Up,SHEEP,100,130100.0,1,100.0
662,FPT,13:13:32,Sell Down,SHEEP,300,130000.0,1,-100.0
663,FPT,13:13:26,Buy Up,SHEEP,100,130100.0,1,0.0
664,FPT,13:13:25,Sell Down,SHEEP,200,130100.0,1,0.0
665,FPT,13:13:21,Sell Down,SHEEP,500,130100.0,1,0.0
666,FPT,13:13:16,Buy Up,SHARK,12200,130100.0,10,0.0
667,FPT,13:13:05,Buy Up,SHEEP,200,130100.0,1,100.0
668,FPT,13:13:01,Sell Down,WOLF,6000,130000.0,1,-100.0
669,FPT,13:13:00,Buy Up,SHEEP,900,130100.0,1,100.0
670,FPT,13:12:57,Sell Down,WOLF,3000,130000.0,1,0.0
671,FPT,13:12:50,Sell Down,SHEEP,100,130000.0,1,-100.0
672,FPT,13:12:48,Buy Up,SHEEP,400,130100.0,1,0.0
673,FPT,13:12:44,Buy Up,SHEEP,100,130100.0,1,0.0
674,FPT,13:12:36,Buy Up,WOLF,2000,130100.0,1,0.0
675,FPT,13:12:31,Buy Up,WOLF,2000,130100.0,2,100.0
676,FPT,13:12:28,Sell Down,WOLF,4100,130000.0,1,0.0
677,FPT,13:12:14,Sell Down,SHEEP,100,130000.0,1,0.0
678,FPT,13:12:10,Sell Down,SHEEP,100,130000.0,1,0.0
679,FPT,13:11:59,Sell Down,SHEEP,100,130000.0,1,0.0
680,FPT,13:11:54,Sell Down,WOLF,5000,130000.0,7,0.0
681,FPT,13:11:53,Buy Up,SHARK,18000,130000.0,14,100.0
682,FPT,13:11:49,Sell Down,SHEEP,1100,129900.0,1,0.0
683,FPT,13:11:42,Sell Down,SHEEP,100,129900.0,1,0.0
684,FPT,13:11:18,Sell Down,SHEEP,1000,129900.0,1,0.0
685,FPT,13:11:15,Sell Down,SHEEP,200,129900.0,1,0.0
686,FPT,13:11:03,Sell Down,SHEEP,400,129900.0,1,20.0
687,FPT,13:10:58,Sell Down,WOLF,5300,129880.0,7,-20.0
688,FPT,13:10:56,Buy Up,SHEEP,100,129900.0,1,100.0
689,FPT,13:10:51,Sell Down,SHEEP,200,129800.0,1,0.0
690,FPT,13:10:37,Sell Down,SHEEP,1000,129800.0,5,0.0
691,FPT,13:10:23,Sell Down,SHEEP,100,129800.0,1,-100.0
692,FPT,13:10:23,Buy Up,SHEEP,100,129900.0,1,0.0
693,FPT,13:10:07,Buy Up,SHEEP,100,129900.0,1,0.0
694,FPT,13:09:40,Buy Up,SHEEP,900,129900.0,1,0.0
695,FPT,13:09:34,Buy Up,SHEEP,1400,129900.0,2,0.0
696,FPT,13:09:33,Buy Up,SHEEP,1000,129900.0,3,100.0
697,FPT,13:09:30,Sell Down,SHEEP,100,129800.0,1,-100.0
698,FPT,13:09:18,Buy Up,SHEEP,500,129900.0,1,0.0
699,FPT,13:09:04,Buy Up,SHEEP,100,129900.0,1,0.0
700,FPT,13:08:46,Buy Up,SHEEP,1000,129900.0,1,100.0
701,FPT,13:08:46,Sell Down,WOLF,4300,129800.0,10,-100.0
702,FPT,13:08:44,Buy Up,WOLF,2000,129900.0,3,100.0
703,FPT,13:08:34,Sell Down,SHEEP,1300,129800.0,1,0.0
704,FPT,13:08:30,Sell Down,SHEEP,700,129800.0,2,0.0
705,FPT,13:08:17,Sell Down,SHEEP,700,129800.0,1,-100.0
706,FPT,13:08:10,Buy Up,SHEEP,500,129900.0,4,100.0
707,FPT,13:08:06,Sell Down,SHEEP,500,129800.0,1,-100.0
708,FPT,13:07:57,Buy Up,SHEEP,300,129900.0,3,100.0
709,FPT,13:07:53,Sell Down,WOLF,2000,129800.0,1,0.0
710,FPT,13:07:45,Sell Down,SHEEP,100,129800.0,1,0.0
711,FPT,13:07:42,Sell Down,SHEEP,1000,129800.0,1,-100.0
712,FPT,13:07:37,Buy Up,SHEEP,200,129900.0,1,100.0
713,FPT,13:07:30,Sell Down,SHEEP,100,129800.0,1,0.0
714,FPT,13:07:17,Sell Down,SHEEP,1000,129800.0,1,0.0
715,FPT,13:07:06,Sell Down,SHEEP,100,129800.0,1,-100.0
716,FPT,13:06:42,Buy Up,SHEEP,200,129900.0,2,0.0
717,FPT,13:06:40,Buy Up,SHEEP,1000,129900.0,3,100.0
718,FPT,13:06:40,Sell Down,SHEEP,1400,129800.0,1,-100.0
719,FPT,13:06:14,Buy Up,SHEEP,1000,129900.0,2,0.0
720,FPT,13:06:02,Sell Down,SHEEP,100,129900.0,1,0.0
721,FPT,13:05:59,Sell Down,SHEEP,1000,129900.0,1,0.0
722,FPT,13:05:35,Buy Up,SHEEP,1000,129900.0,4,0.0
723,FPT,13:05:07,Sell Down,SHEEP,500,129900.0,3,0.0
724,FPT,13:05:05,Sell Down,SHEEP,100,129900.0,1,0.0
725,FPT,13:04:58,Sell Down,WOLF,2000,129900.0,3,0.0
726,FPT,13:04:56,Sell Down,SHEEP,100,129900.0,1,0.0
727,FPT,13:04:38,Buy Up,WOLF,2300,129900.0,3,100.0
728,FPT,13:04:38,Sell Down,SHEEP,400,129800.0,1,-100.0
729,FPT,13:04:36,Buy Up,SHEEP,1000,129900.0,2,100.0
730,FPT,13:04:35,Sell Down,SHEEP,100,129800.0,1,0.0
731,FPT,13:04:31,Sell Down,WOLF,3700,129800.0,9,-100.0
732,FPT,13:04:21,Buy Up,WOLF,6000,129900.0,4,100.0
733,FPT,13:04:18,Sell Down,SHEEP,100,129800.0,1,0.0
734,FPT,13:04:17,Sell Down,SHEEP,400,129800.0,3,0.0
735,FPT,13:03:59,Sell Down,WOLF,3000,129800.0,14,0.0
736,FPT,13:03:57,Sell Down,SHEEP,800,129800.0,5,0.0
737,FPT,13:03:56,Sell Down,SHEEP,500,129800.0,1,-100.0
738,FPT,13:03:53,Buy Up,SHEEP,100,129900.0,1,0.0
739,FPT,13:03:51,Buy Up,SHEEP,100,129900.0,1,0.0
740,FPT,13:03:49,Buy Up,SHEEP,200,129900.0,1,0.0
741,FPT,13:03:32,Buy Up,SHEEP,100,129900.0,1,0.0
742,FPT,13:03:24,Buy Up,SHEEP,100,129900.0,1,0.0
743,FPT,13:03:22,Buy Up,SHEEP,200,129900.0,2,0.0
744,FPT,13:03:15,Buy Up,SHEEP,1000,129900.0,4,0.0
745,FPT,13:03:11,Buy Up,SHEEP,1000,129900.0,2,0.0
746,FPT,13:02:55,Buy Up,SHEEP,100,129900.0,1,0.0
747,FPT,13:02:50,Buy Up,WOLF,2500,129900.0,2,100.0
748,FPT,13:02:43,Sell Down,SHEEP,300,129800.0,1,-100.0
749,FPT,13:02:39,Buy Up,SHEEP,1000,129900.0,1,100.0
750,FPT,13:02:35,Sell Down,SHEEP,100,129800.0,1,0.0
751,FPT,13:02:32,Sell Down,SHEEP,200,129800.0,1,0.0
752,FPT,13:02:20,Sell Down,SHEEP,100,129800.0,1,-100.0
753,FPT,13:02:20,Buy Up,SHEEP,500,129900.0,1,0.0
754,FPT,13:02:16,Buy Up,SHEEP,1000,129900.0,1,0.0
755,FPT,13:02:15,Buy Up,SHEEP,600,129900.0,1,0.0
756,FPT,13:02:00,Buy Up,SHEEP,1000,129900.0,2,100.0
757,FPT,13:01:57,Sell Down,WOLF,6100,129800.0,1,0.0
758,FPT,13:01:36,Sell Down,SHEEP,500,129800.0,1,0.0
759,FPT,13:01:33,Sell Down,WOLF,5400,129800.0,16,-100.0
760,FPT,13:01:31,Buy Up,WOLF,2600,129900.0,1,100.0
761,FPT,13:01:21,Sell Down,SHEEP,300,129800.0,1,0.0
762,FPT,13:01:16,Sell Down,SHEEP,1000,129800.0,3,0.0
763,FPT,13:01:01,Sell Down,SHEEP,100,129800.0,1,0.0
764,FPT,13:00:47,Sell Down,SHEEP,500,129800.0,1,-100.0
765,FPT,13:00:35,Sell Down,SHEEP,700,129900.0,2,0.0
766,FPT,13:00:33,Sell Down,SHEEP,100,129900.0,1,0.0
767,FPT,13:00:30,Sell Down,SHEEP,100,129900.0,1,0.0
768,FPT,13:00:26,Sell Down,SHEEP,200,129900.0,1,-100.0
769,FPT,13:00:26,Buy Up,SHEEP,100,130000.0,1,0.0
770,FPT,13:00:23,Buy Up,SHEEP,1300,130000.0,3,160.0
771,FPT,13:00:22,Sell Down,WOLF,3000,129840.0,8,-60.0
772,FPT,13:00:21,Sell Down,SHEEP,300,129900.0,1,0.0
773,FPT,13:00:19,Sell Down,WOLF,4000,129900.0,7,-100.0
774,FPT,13:00:14,Buy Up,SHEEP,100,130000.0,1,0.0
775,FPT,13:00:13,Buy Up,SHEEP,200,130000.0,1,100.0
776,FPT,13:00:11,Sell Down,SHEEP,300,129900.0,1,-100.0
777,FPT,13:00:10,Buy Up,SHEEP,100,130000.0,1,100.0
778,FPT,13:00:10,Sell Down,SHEEP,400,129900.0,3,0.0
779,FPT,13:00:07,Sell Down,SHEEP,500,129900.0,1,-100.0
780,FPT,13:00:07,Buy Up,WOLF,1900,130000.0,3,100.0
781,FPT,13:00:06,Sell Down,SHEEP,200,129900.0,1,-100.0
782,FPT,13:00:06,Buy Up,SHEEP,100,130000.0,1,100.0
783,FPT,13:00:05,Sell Down,SHEEP,500,129900.0,2,-100.0
784,FPT,13:00:05,Buy Up,SHEEP,600,130000.0,2,100.0
785,FPT,13:00:05,Sell Down,SHEEP,1000,129900.0,2,-100.0
786,FPT,13:00:03,Buy Up,SHEEP,1300,130000.0,4,100.0
787,FPT,13:00:03,Sell Down,WOLF,2200,129900.0,3,-100.0
788,FPT,13:00:03,Buy Up,SHEEP,500,130000.0,1,0.0
789,FPT,13:00:02,Buy Up,SHEEP,100,130000.0,1,100.0
790,FPT,13:00:01,Sell Down,WOLF,1600,129900.0,5,-100.0
791,FPT,11:29:30,Buy Up,SHEEP,100,130000.0,1,100.0
792,FPT,11:29:14,Sell Down,SHEEP,500,129900.0,1,0.0
793,FPT,11:29:12,Sell Down,SHEEP,1000,129900.0,2,0.0
794,FPT,11:28:59,Sell Down,SHEEP,100,129900.0,1,-100.0
795,FPT,11:27:50,Buy Up,WOLF,3000,130000.0,4,0.0
796,FPT,11:27:23,Buy Up,SHEEP,100,130000.0,1,100.0
797,FPT,11:27:20,Sell Down,SHEEP,200,129900.0,1,-100.0
798,FPT,11:27:05,Buy Up,WOLF,3000,130000.0,3,100.0
799,FPT,11:26:50,Sell Down,SHEEP,500,129900.0,1,0.0
800,FPT,11:25:52,Sell Down,SHEEP,1400,129900.0,1,0.0
801,FPT,11:25:16,Sell Down,WOLF,2000,129900.0,1,0.0
802,FPT,11:25:04,Buy Up,WOLF,7600,129900.0,2,0.0
803,FPT,11:24:41,Buy Up,SHEEP,100,129900.0,1,0.0
804,FPT,11:24:08,Buy Up,SHEEP,700,129900.0,1,0.0
805,FPT,11:24:00,Buy Up,WOLF,1700,129900.0,4,-100.0
806,FPT,11:23:43,Buy Up,SHEEP,1000,130000.0,1,100.0
807,FPT,11:23:40,Sell Down,SHEEP,1000,129900.0,1,0.0
808,FPT,11:23:33,Buy Up,SHEEP,500,129900.0,1,0.0
809,FPT,11:23:32,Buy Up,SHEEP,100,129900.0,1,0.0
810,FPT,11:23:31,Sell Down,SHEEP,1300,129900.0,4,0.0
811,FPT,11:23:27,Sell Down,SHEEP,100,129900.0,1,0.0
812,FPT,11:23:11,Sell Down,SHEEP,100,129900.0,1,0.0
813,FPT,11:22:41,Sell Down,SHEEP,200,129900.0,1,0.0
814,FPT,11:22:33,Sell Down,SHEEP,1000,129900.0,5,0.0
815,FPT,11:22:28,Sell Down,SHEEP,1000,129900.0,1,0.0
816,FPT,11:22:23,Sell Down,WOLF,2500,129900.0,4,0.0
817,FPT,11:21:47,Sell Down,SHEEP,100,129900.0,1,0.0
818,FPT,11:21:37,Sell Down,SHEEP,300,129900.0,1,0.0
819,FPT,11:21:32,Buy Up,SHEEP,500,129900.0,1,0.0
820,FPT,11:21:19,Sell Down,SHEEP,200,129900.0,1,-100.0
821,FPT,11:21:17,Buy Up,SHEEP,100,130000.0,1,100.0
822,FPT,11:21:16,Sell Down,SHEEP,300,129900.0,1,0.0
823,FPT,11:21:16,Buy Up,SHEEP,100,129900.0,1,0.0
824,FPT,11:21:13,Buy Up,SHEEP,100,129900.0,1,0.0
825,FPT,11:21:10,Buy Up,SHEEP,500,129900.0,2,0.0
826,FPT,11:21:05,Buy Up,SHEEP,1000,129900.0,3,0.0
827,FPT,11:21:01,Buy Up,SHEEP,100,129900.0,1,0.0
828,FPT,11:20:52,Buy Up,SHEEP,100,129900.0,1,0.0
829,FPT,11:20:40,Buy Up,SHEEP,100,129900.0,1,0.0
830,FPT,11:20:34,Buy Up,SHEEP,100,129900.0,1,0.0
831,FPT,11:20:31,Buy Up,SHEEP,400,129900.0,1,0.0
832,FPT,11:20:20,Buy Up,SHEEP,500,129900.0,1,0.0
833,FPT,11:19:46,Buy Up,SHEEP,1200,129900.0,3,0.0
834,FPT,11:19:35,Buy Up,SHEEP,100,129900.0,1,0.0
835,FPT,11:19:23,Buy Up,SHEEP,200,129900.0,1,0.0
836,FPT,11:19:03,Buy Up,SHEEP,1000,129900.0,1,0.0
837,FPT,11:18:55,Buy Up,SHEEP,100,129900.0,1,0.0
838,FPT,11:18:38,Buy Up,SHEEP,500,129900.0,1,0.0
839,FPT,11:18:24,Buy Up,SHEEP,100,129900.0,1,100.0
840,FPT,11:18:24,Sell Down,SHEEP,300,129800.0,2,0.0
841,FPT,11:17:31,Sell Down,SHEEP,1000,129800.0,6,-100.0
842,FPT,11:17:10,Buy Up,SHEEP,400,129900.0,1,0.0
843,FPT,11:16:57,Buy Up,SHEEP,500,129900.0,1,100.0
844,FPT,11:16:54,Sell Down,WOLF,5000,129800.0,1,-100.0
845,FPT,11:16:37,Buy Up,WOLF,2000,129900.0,1,0.0
846,FPT,11:16:21,Buy Up,SHEEP,100,129900.0,1,0.0
847,FPT,11:16:02,Buy Up,SHEEP,1000,129900.0,1,0.0
848,FPT,11:15:57,Buy Up,SHEEP,100,129900.0,1,0.0
849,FPT,11:15:37,Buy Up,SHEEP,100,129900.0,1,0.0
850,FPT,11:15:18,Buy Up,SHEEP,100,129900.0,1,0.0
851,FPT,11:14:50,Buy Up,SHEEP,100,129900.0,1,0.0
852,FPT,11:14:47,Sell Down,WOLF,6800,129900.0,19,-100.0
853,FPT,11:14:46,Buy Up,SHEEP,1000,130000.0,1,100.0
854,FPT,11:14:35,Sell Down,SHEEP,200,129900.0,1,0.0
855,FPT,11:14:31,Sell Down,WOLF,2000,129900.0,3,-100.0
856,FPT,11:14:27,Buy Up,SHEEP,100,130000.0,1,100.0
857,FPT,11:14:20,Sell Down,SHEEP,300,129900.0,2,-100.0
858,FPT,11:14:12,Buy Up,WOLF,1700,130000.0,2,0.0
859,FPT,11:13:59,Buy Up,SHEEP,100,130000.0,1,100.0
860,FPT,11:13:57,Sell Down,WOLF,4800,129900.0,9,0.0
861,FPT,11:13:46,Sell Down,SHEEP,100,129900.0,1,-100.0
862,FPT,11:13:43,Buy Up,SHEEP,100,130000.0,1,100.0
863,FPT,11:13:27,Sell Down,SHEEP,1000,129900.0,3,-100.0
864,FPT,11:13:24,Buy Up,SHEEP,1000,130000.0,3,0.0
865,FPT,11:12:54,Buy Up,SHEEP,100,130000.0,1,0.0
866,FPT,11:12:45,Buy Up,SHEEP,200,130000.0,1,0.0
867,FPT,11:12:34,Buy Up,SHEEP,100,130000.0,1,100.0
868,FPT,11:11:31,Sell Down,SHEEP,300,129900.0,3,0.0
869,FPT,11:11:19,Sell Down,WOLF,2000,129900.0,7,-100.0
870,FPT,11:11:17,Buy Up,SHEEP,500,130000.0,1,100.0
871,FPT,11:11:02,Sell Down,SHEEP,500,129900.0,2,0.0
872,FPT,11:10:35,Sell Down,WOLF,2000,129900.0,16,0.0
873,FPT,11:10:08,Sell Down,WOLF,1700,129900.0,5,-100.0
874,FPT,11:10:06,Buy Up,SHEEP,100,130000.0,1,0.0
875,FPT,11:10:02,Buy Up,SHEEP,100,130000.0,1,0.0
876,FPT,11:09:25,Buy Up,SHEEP,600,130000.0,1,0.0
877,FPT,11:09:16,Buy Up,SHEEP,100,130000.0,1,0.0
878,FPT,11:09:13,Buy Up,SHEEP,100,130000.0,1,0.0
879,FPT,11:08:17,Buy Up,SHEEP,100,130000.0,1,100.0
880,FPT,11:08:12,Sell Down,SHARK,10000,129900.0,11,-100.0
881,FPT,11:08:07,Buy Up,SHEEP,100,130000.0,1,0.0
882,FPT,11:08:04,Buy Up,SHEEP,200,130000.0,2,0.0
883,FPT,11:07:50,Buy Up,SHEEP,400,130000.0,1,0.0
884,FPT,11:07:49,Buy Up,SHEEP,100,130000.0,1,100.0
885,FPT,11:07:47,Sell Down,SHEEP,500,129900.0,1,-100.0
886,FPT,11:07:36,Buy Up,SHEEP,100,130000.0,1,0.0
887,FPT,11:07:34,Buy Up,SHEEP,500,130000.0,1,0.0
888,FPT,11:07:25,Buy Up,SHEEP,100,130000.0,1,0.0
889,FPT,11:07:21,Buy Up,SHARK,12000,130000.0,3,0.0
890,FPT,11:07:13,Buy Up,SHEEP,100,130000.0,1,0.0
891,FPT,11:07:04,Buy Up,SHEEP,200,130000.0,2,0.0
892,FPT,11:06:52,Buy Up,SHEEP,500,130000.0,1,100.0
893,FPT,11:06:23,Sell Down,WOLF,1800,129900.0,1,0.0
894,FPT,11:06:07,Sell Down,SHEEP,700,129900.0,1,0.0
895,FPT,11:06:04,Sell Down,WOLF,1800,129900.0,1,0.0
896,FPT,11:05:53,Sell Down,WOLF,6900,129900.0,8,0.0
897,FPT,11:05:43,Sell Down,WOLF,3000,129900.0,9,0.0
898,FPT,11:05:39,Sell Down,SHEEP,100,129900.0,1,0.0
899,FPT,11:05:34,Sell Down,WOLF,1800,129900.0,6,0.0
900,FPT,11:05:24,Sell Down,WOLF,1800,129900.0,4,0.0
901,FPT,11:05:23,Sell Down,SHEEP,100,129900.0,1,-100.0
902,FPT,11:05:21,Buy Up,SHEEP,600,130000.0,1,0.0
903,FPT,11:05:15,Buy Up,SHEEP,900,130000.0,1,100.0
904,FPT,11:05:15,Sell Down,WOLF,1800,129900.0,6,0.0
905,FPT,11:05:06,Sell Down,WOLF,1800,129900.0,3,-100.0
906,FPT,11:05:01,Sell Down,SHARK,26700,130000.0,69,0.0
907,FPT,11:04:55,Sell Down,WOLF,1800,130000.0,5,-100.0
908,FPT,11:04:52,Buy Up,WOLF,3000,130100.0,1,0.0
909,FPT,11:04:43,Buy Up,SHEEP,100,130100.0,1,100.0
910,FPT,11:04:43,Sell Down,WOLF,1800,130000.0,1,0.0
911,FPT,11:04:41,Sell Down,SHEEP,100,130000.0,1,0.0
912,FPT,11:04:31,Sell Down,WOLF,1800,130000.0,1,0.0
913,FPT,11:04:21,Sell Down,WOLF,1800,130000.0,5,0.0
914,FPT,11:04:12,Sell Down,WOLF,3000,130000.0,8,0.0
915,FPT,11:04:09,Sell Down,WOLF,1800,130000.0,4,0.0
916,FPT,11:04:05,Sell Down,SHEEP,100,130000.0,1,0.0
917,FPT,11:03:58,Sell Down,WOLF,2800,130000.0,4,0.0
918,FPT,11:03:51,Sell Down,SHEEP,100,130000.0,1,0.0
919,FPT,11:03:49,Sell Down,WOLF,1800,130000.0,1,0.0
920,FPT,11:03:39,Sell Down,WOLF,1800,130000.0,1,0.0
921,FPT,11:03:30,Sell Down,WOLF,1800,130000.0,3,0.0
922,FPT,11:03:20,Sell Down,WOLF,1800,130000.0,4,0.0
923,FPT,11:03:09,Sell Down,WOLF,1800,130000.0,5,-100.0
924,FPT,11:03:05,Buy Up,SHEEP,100,130100.0,1,100.0
925,FPT,11:03:04,Sell Down,WOLF,4800,130000.0,12,-100.0
926,FPT,11:02:56,Buy Up,WOLF,3800,130100.0,1,100.0
927,FPT,11:02:56,Sell Down,WOLF,1800,130000.0,9,0.0
928,FPT,11:02:47,Sell Down,WOLF,1800,130000.0,7,0.0
929,FPT,11:02:36,Sell Down,WOLF,1800,130000.0,3,0.0
930,FPT,11:02:22,Sell Down,WOLF,1800,130000.0,1,-100.0
931,FPT,11:02:13,Buy Up,SHEEP,100,130100.0,1,0.0
932,FPT,11:01:54,Buy Up,SHEEP,200,130100.0,1,0.0
933,FPT,11:01:46,Buy Up,SHEEP,200,130100.0,1,0.0
934,FPT,11:01:38,Buy Up,SHEEP,100,130100.0,1,0.0
935,FPT,11:01:19,Buy Up,SHEEP,900,130100.0,1,100.0
936,FPT,11:01:14,Sell Down,WOLF,3000,130000.0,5,-100.0
937,FPT,11:00:40,Buy Up,SHEEP,700,130100.0,1,0.0
938,FPT,11:00:38,Buy Up,SHEEP,200,130100.0,2,100.0
939,FPT,11:00:26,Sell Down,SHARK,10500,130000.0,24,0.0
940,FPT,11:00:12,Sell Down,SHARK,8500,130000.0,25,0.0
941,FPT,10:59:51,Sell Down,SHEEP,100,130000.0,1,-100.0
942,FPT,10:59:48,Buy Up,SHEEP,100,130100.0,1,0.0
943,FPT,10:59:30,Buy Up,SHEEP,200,130100.0,1,0.0
944,FPT,10:59:21,Sell Down,SHARK,24600,130100.0,18,-100.0
945,FPT,10:58:29,Buy Up,SHEEP,1000,130200.0,1,0.0
946,FPT,10:58:14,Buy Up,WOLF,6000,130200.0,2,0.0
947,FPT,10:57:41,Buy Up,SHEEP,1000,130200.0,5,0.0
948,FPT,10:57:40,Sell Down,SHEEP,300,130200.0,1,0.0
949,FPT,10:56:58,Buy Up,SHEEP,500,130200.0,1,0.0
950,FPT,10:56:29,Sell Down,SHARK,8100,130200.0,11,-100.0
951,FPT,10:56:21,Buy Up,SHEEP,100,130300.0,1,0.0
952,FPT,10:55:41,Buy Up,WOLF,2900,130300.0,2,100.0
953,FPT,10:55:22,Sell Down,SHARK,30000,130200.0,8,-100.0
954,FPT,10:54:15,Buy Up,SHEEP,200,130300.0,1,100.0
955,FPT,10:54:07,Sell Down,SHEEP,200,130200.0,1,-100.0
956,FPT,10:54:04,Buy Up,SHEEP,300,130300.0,1,100.0
957,FPT,10:53:40,Buy Up,WOLF,3300,130200.0,3,0.0
958,FPT,10:53:26,Buy Up,SHEEP,400,130200.0,1,0.0
959,FPT,10:53:23,Buy Up,SHEEP,1000,130200.0,1,100.0
960,FPT,10:53:04,Sell Down,SHEEP,700,130100.0,1,-100.0
961,FPT,10:53:00,Buy Up,SHEEP,100,130200.0,1,0.0
962,FPT,10:52:59,Buy Up,SHEEP,400,130200.0,1,0.0
963,FPT,10:52:57,Buy Up,SHEEP,700,130200.0,1,0.0
964,FPT,10:52:53,Buy Up,SHEEP,400,130200.0,3,0.0
965,FPT,10:52:37,Buy Up,SHEEP,500,130200.0,1,0.0
966,FPT,10:52:36,Buy Up,SHEEP,100,130200.0,1,0.0
967,FPT,10:52:22,Buy Up,SHEEP,1000,130200.0,2,100.0
968,FPT,10:51:53,Sell Down,WOLF,6000,130100.0,5,-100.0
969,FPT,10:51:51,Buy Up,SHEEP,100,130200.0,1,0.0
970,FPT,10:51:48,Buy Up,WOLF,1800,130200.0,2,-100.0
971,FPT,10:51:33,Buy Up,SHEEP,400,130300.0,1,100.0
972,FPT,10:51:30,Buy Up,SHEEP,300,130200.0,1,0.0
973,FPT,10:51:23,Buy Up,SHEEP,100,130200.0,1,0.0
974,FPT,10:51:20,Buy Up,SHEEP,200,130200.0,1,0.0
975,FPT,10:51:16,Sell Down,SHEEP,400,130200.0,1,0.0
976,FPT,10:50:58,Buy Up,SHEEP,600,130200.0,2,0.0
977,FPT,10:50:53,Buy Up,SHEEP,200,130200.0,1,0.0
978,FPT,10:50:51,Buy Up,SHEEP,100,130200.0,1,0.0
979,FPT,10:50:42,Sell Down,SHEEP,200,130200.0,2,0.0
980,FPT,10:50:35,Buy Up,SHEEP,400,130200.0,1,0.0
981,FPT,10:50:30,Sell Down,WOLF,1600,130200.0,3,0.0
982,FPT,10:50:11,Buy Up,SHEEP,600,130200.0,2,0.0
983,FPT,10:50:01,Sell Down,SHEEP,400,130200.0,4,-100.0
984,FPT,10:49:39,Buy Up,SHEEP,300,130300.0,1,100.0
985,FPT,10:49:24,Sell Down,SHEEP,1000,130200.0,4,-100.0
986,FPT,10:49:16,Buy Up,SHEEP,100,130300.0,1,0.0
987,FPT,10:48:42,Buy Up,SHEEP,100,130300.0,1,100.0
988,FPT,10:48:34,Sell Down,WOLF,1800,130200.0,1,-100.0
989,FPT,10:48:34,Buy Up,SHEEP,500,130300.0,1,100.0
990,FPT,10:48:17,Sell Down,WOLF,1800,130200.0,1,-100.0
991,FPT,10:48:16,Sell Down,SHEEP,400,130300.0,1,0.0
992,FPT,10:48:08,Buy Up,WOLF,4600,130300.0,1,0.0
993,FPT,10:48:06,Buy Up,SHEEP,100,130300.0,1,0.0
994,FPT,10:48:00,Buy Up,SHEEP,1000,130300.0,2,100.0
995,FPT,10:47:54,Sell Down,SHEEP,1000,130200.0,1,0.0
996,FPT,10:47:53,Sell Down,SHEEP,1000,130200.0,5,0.0
997,FPT,10:47:45,Sell Down,SHEEP,100,130200.0,1,0.0
998,FPT,10:47:17,Sell Down,SHEEP,100,130200.0,1,0.0
999,FPT,10:47:00,Buy Up,SHARK,9500,130200.0,3,100.0
